{
  "training": {
    "restarts": [],
    "bestResults": {
      "training": {
        "accuracy": 0.6972165648336728,
        "majorityErr": 0.5003394433129668,
        "dispersion": {
          "value": 0.20731600504271047
        },
        "goodCount": 8216,
        "zeroCount": 5888,
        "oneCount": 5896,
        "bestThreshold": {
          "value": 0.4437571022653057
        },
        "bestAccuracy": 0.6983197556008147,
        "evaluatedOnline": true,
        "aggregationFcn": {},
        "error": {
          "value": 0.2002315322045133
        }
      },
      "validation": {
        "goodCount": 0,
        "zeroCount": 0,
        "oneCount": 0,
        "evaluatedOnline": true,
        "aggregationFcn": {}
      }
    }
  },
  "testing": {
    "accuracy": 0.6771894093686355,
    "majorityErr": 0.5003394433129668,
    "dispersion": {
      "value": 0.1904557069580437
    },
    "goodCount": 1995,
    "zeroCount": 1472,
    "oneCount": 1474,
    "bestThreshold": {
      "value": 0.43268847972839863
    },
    "bestAccuracy": 0.6829599456890699,
    "evaluatedOnline": true,
    "aggregationFcn": {},
    "error": {
      "value": 0.2093918491718687
    }
  }
}

