{
  "training": {
    "restarts": [],
    "bestResults": {
      "training": {
        "accuracy": 0.7206281833616299,
        "majorityErr": 0.500509337860781,
        "dispersion": {
          "value": 0.2556488535167158
        },
        "goodCount": 8489,
        "zeroCount": 5884,
        "oneCount": 5896,
        "bestThreshold": {
          "value": 0.5294275099794834
        },
        "bestAccuracy": 0.7215619694397284,
        "evaluatedOnline": true,
        "aggregationFcn": {},
        "error": {
          "value": 0.18762520156314383
        }
      },
      "validation": {
        "goodCount": 0,
        "zeroCount": 0,
        "oneCount": 0,
        "evaluatedOnline": true,
        "aggregationFcn": {}
      }
    }
  },
  "testing": {
    "accuracy": 0.6801358234295416,
    "majorityErr": 0.500509337860781,
    "dispersion": {
      "value": 0.21238763950818207
    },
    "goodCount": 2003,
    "zeroCount": 1471,
    "oneCount": 1474,
    "bestThreshold": {
      "value": 0.45983129269912504
    },
    "bestAccuracy": 0.6808149405772496,
    "evaluatedOnline": true,
    "aggregationFcn": {},
    "error": {
      "value": 0.20803023150507896
    }
  }
}

