{
  "training": {
    "restarts": [],
    "bestResults": {
      "training": {
        "accuracy": 0.6753820033955857,
        "majorityErr": 0.500509337860781,
        "dispersion": {
          "value": 0.16372874984847796
        },
        "goodCount": 7956,
        "zeroCount": 5884,
        "oneCount": 5896,
        "bestThreshold": {
          "value": 0.516712747733406
        },
        "bestAccuracy": 0.6772495755517827,
        "evaluatedOnline": true,
        "aggregationFcn": {},
        "error": {
          "value": 0.21146925322751375
        }
      },
      "validation": {
        "goodCount": 0,
        "zeroCount": 0,
        "oneCount": 0,
        "evaluatedOnline": true,
        "aggregationFcn": {}
      }
    }
  },
  "testing": {
    "accuracy": 0.6628183361629881,
    "majorityErr": 0.500509337860781,
    "dispersion": {
      "value": 0.15742778378751693
    },
    "goodCount": 1952,
    "zeroCount": 1471,
    "oneCount": 1474,
    "bestThreshold": {
      "value": 0.5241334094815275
    },
    "bestAccuracy": 0.6719864176570458,
    "evaluatedOnline": true,
    "aggregationFcn": {},
    "error": {
      "value": 0.21429859295997292
    }
  }
}

