{
  "training": {
    "restarts": [],
    "bestResults": {
      "training": {
        "accuracy": 0.6732597623089983,
        "majorityErr": 0.500509337860781,
        "dispersion": {
          "value": 0.16276832692311843
        },
        "goodCount": 7931,
        "zeroCount": 5884,
        "oneCount": 5896,
        "bestThreshold": {
          "value": 0.5314846291489141
        },
        "bestAccuracy": 0.6763157894736842,
        "evaluatedOnline": true,
        "aggregationFcn": {},
        "error": {
          "value": 0.21037401027559838
        }
      },
      "validation": {
        "goodCount": 0,
        "zeroCount": 0,
        "oneCount": 0,
        "evaluatedOnline": true,
        "aggregationFcn": {}
      }
    }
  },
  "testing": {
    "accuracy": 0.6634974533106961,
    "majorityErr": 0.500509337860781,
    "dispersion": {
      "value": 0.1556675878578893
    },
    "goodCount": 1954,
    "zeroCount": 1471,
    "oneCount": 1474,
    "bestThreshold": {
      "value": 0.5554294085030194
    },
    "bestAccuracy": 0.6730050933786078,
    "evaluatedOnline": true,
    "aggregationFcn": {},
    "error": {
      "value": 0.2128526968265304
    }
  }
}

