{
  "training": {
    "restarts": [],
    "bestResults": {
      "training": {
        "accuracy": 0.6756366723259762,
        "majorityErr": 0.500509337860781,
        "dispersion": {
          "value": 0.16374575695365035
        },
        "goodCount": 7959,
        "zeroCount": 5884,
        "oneCount": 5896,
        "bestThreshold": {
          "value": 0.5224216478302561
        },
        "bestAccuracy": 0.6773344651952462,
        "evaluatedOnline": true,
        "aggregationFcn": {},
        "error": {
          "value": 0.21147384048041434
        }
      },
      "validation": {
        "goodCount": 0,
        "zeroCount": 0,
        "oneCount": 0,
        "evaluatedOnline": true,
        "aggregationFcn": {}
      }
    }
  },
  "testing": {
    "accuracy": 0.6624787775891341,
    "majorityErr": 0.500509337860781,
    "dispersion": {
      "value": 0.15745871434912906
    },
    "goodCount": 1951,
    "zeroCount": 1471,
    "oneCount": 1474,
    "bestThreshold": {
      "value": 0.524057785367565
    },
    "bestAccuracy": 0.6730050933786078,
    "evaluatedOnline": true,
    "aggregationFcn": {},
    "error": {
      "value": 0.21430084537964497
    }
  }
}

