{
  "training": {
    "restarts": [],
    "bestResults": {
      "training": {
        "accuracy": 0.7101154107264087,
        "majorityErr": 0.5003394433129668,
        "dispersion": {
          "value": 0.23778085016126577
        },
        "goodCount": 8368,
        "zeroCount": 5888,
        "oneCount": 5896,
        "bestThreshold": {
          "value": 0.4869922400825558
        },
        "bestAccuracy": 0.7107094365241005,
        "evaluatedOnline": true,
        "aggregationFcn": {},
        "error": {
          "value": 0.19400702702169623
        }
      },
      "validation": {
        "goodCount": 0,
        "zeroCount": 0,
        "oneCount": 0,
        "evaluatedOnline": true,
        "aggregationFcn": {}
      }
    }
  },
  "testing": {
    "accuracy": 0.691785471826205,
    "majorityErr": 0.5003394433129668,
    "dispersion": {
      "value": 0.21488706208919633
    },
    "goodCount": 2038,
    "zeroCount": 1472,
    "oneCount": 1474,
    "bestThreshold": {
      "value": 0.4834270711199632
    },
    "bestAccuracy": 0.693143245078072,
    "evaluatedOnline": true,
    "aggregationFcn": {},
    "error": {
      "value": 0.20433651245915008
    }
  }
}

