{
  "training": {
    "restarts": [],
    "bestResults": {
      "training": {
        "accuracy": 0.692878302833389,
        "majorityErr": 0.5105834010225047,
        "dispersion": {
          "value": 0.29933808559554764
        },
        "goodCount": 58005,
        "zeroCount": 40972,
        "oneCount": 42744,
        "bestThreshold": {
          "value": 0.5846835475145531
        },
        "bestAccuracy": 0.7350805102967175,
        "evaluatedOnline": true,
        "aggregationFcn": {},
        "error": {
          "value": 0.17500290154058182
        }
      },
      "validation": {
        "goodCount": 0,
        "zeroCount": 0,
        "oneCount": 0,
        "evaluatedOnline": true,
        "aggregationFcn": {}
      }
    }
  },
  "testing": {
    "accuracy": 0.6927707965024607,
    "majorityErr": 0.5105834010225047,
    "dispersion": {
      "value": 0.28993530654653304
    },
    "goodCount": 14499,
    "zeroCount": 10243,
    "oneCount": 10686,
    "bestThreshold": {
      "value": 0.5218281290675897
    },
    "bestAccuracy": 0.7257871852453534,
    "evaluatedOnline": true,
    "aggregationFcn": {},
    "error": {
      "value": 0.1789307306481724
    }
  }
}

