{
  "training": {
    "restarts": [],
    "bestResults": {
      "training": {
        "accuracy": 0.6732597623089983,
        "majorityErr": 0.500509337860781,
        "dispersion": {
          "value": 0.16270523079793503
        },
        "goodCount": 7931,
        "zeroCount": 5884,
        "oneCount": 5896,
        "bestThreshold": {
          "value": 0.5315630439391458
        },
        "bestAccuracy": 0.6765704584040747,
        "evaluatedOnline": true,
        "aggregationFcn": {},
        "error": {
          "value": 0.21039210239673858
        }
      },
      "validation": {
        "goodCount": 0,
        "zeroCount": 0,
        "oneCount": 0,
        "evaluatedOnline": true,
        "aggregationFcn": {}
      }
    }
  },
  "testing": {
    "accuracy": 0.6641765704584041,
    "majorityErr": 0.500509337860781,
    "dispersion": {
      "value": 0.15561110260222893
    },
    "goodCount": 1956,
    "zeroCount": 1471,
    "oneCount": 1474,
    "bestThreshold": {
      "value": 0.5551296125541494
    },
    "bestAccuracy": 0.6740237691001698,
    "evaluatedOnline": true,
    "aggregationFcn": {},
    "error": {
      "value": 0.21286142397504554
    }
  }
}

