{
  "training": {
    "restarts": [],
    "bestResults": {
      "training": {
        "accuracy": 0.7157894736842105,
        "majorityErr": 0.500509337860781,
        "dispersion": {
          "value": 0.24416446376493584
        },
        "goodCount": 8432,
        "zeroCount": 5884,
        "oneCount": 5896,
        "bestThreshold": {
          "value": 0.4762755964323525
        },
        "bestAccuracy": 0.7191850594227505,
        "evaluatedOnline": true,
        "aggregationFcn": {},
        "error": {
          "value": 0.19177288277644655
        }
      },
      "validation": {
        "goodCount": 0,
        "zeroCount": 0,
        "oneCount": 0,
        "evaluatedOnline": true,
        "aggregationFcn": {}
      }
    }
  },
  "testing": {
    "accuracy": 0.5911714770797962,
    "majorityErr": 0.500509337860781,
    "dispersion": {
      "value": 0.10389667400772196
    },
    "goodCount": 1741,
    "zeroCount": 1471,
    "oneCount": 1474,
    "bestThreshold": {
      "value": 0.4960450778625238
    },
    "bestAccuracy": 0.5891341256366723,
    "evaluatedOnline": true,
    "aggregationFcn": {},
    "error": {
      "value": 0.2663280001767046
    }
  }
}

