{
  "training": {
    "restarts": [],
    "bestResults": {
      "training": {
        "accuracy": 0.6933129667345553,
        "majorityErr": 0.5003394433129668,
        "dispersion": {
          "value": 0.20270201026911
        },
        "goodCount": 8170,
        "zeroCount": 5888,
        "oneCount": 5896,
        "bestThreshold": {
          "value": 0.48471864391352926
        },
        "bestAccuracy": 0.6953496266123558,
        "evaluatedOnline": true,
        "aggregationFcn": {},
        "error": {
          "value": 0.20134814258966552
        }
      },
      "validation": {
        "goodCount": 0,
        "zeroCount": 0,
        "oneCount": 0,
        "evaluatedOnline": true,
        "aggregationFcn": {}
      }
    }
  },
  "testing": {
    "accuracy": 0.675152749490835,
    "majorityErr": 0.5003394433129668,
    "dispersion": {
      "value": 0.18569336647977902
    },
    "goodCount": 1989,
    "zeroCount": 1472,
    "oneCount": 1474,
    "bestThreshold": {
      "value": 0.48122017946502216
    },
    "bestAccuracy": 0.6754921928038018,
    "evaluatedOnline": true,
    "aggregationFcn": {},
    "error": {
      "value": 0.20936917745402459
    }
  }
}

