{
  "training": {
    "restarts": [],
    "bestResults": {
      "training": {
        "accuracy": 0.6926340801086218,
        "majorityErr": 0.5003394433129668,
        "dispersion": {
          "value": 0.2033554887356156
        },
        "goodCount": 8162,
        "zeroCount": 5888,
        "oneCount": 5896,
        "bestThreshold": {
          "value": 0.4734647502034468
        },
        "bestAccuracy": 0.6957739307535642,
        "evaluatedOnline": true,
        "aggregationFcn": {},
        "error": {
          "value": 0.2015686223439804
        }
      },
      "validation": {
        "goodCount": 0,
        "zeroCount": 0,
        "oneCount": 0,
        "evaluatedOnline": true,
        "aggregationFcn": {}
      }
    }
  },
  "testing": {
    "accuracy": 0.6754921928038018,
    "majorityErr": 0.5003394433129668,
    "dispersion": {
      "value": 0.18720070104890574
    },
    "goodCount": 1990,
    "zeroCount": 1472,
    "oneCount": 1474,
    "bestThreshold": {
      "value": 0.4511734289560216
    },
    "bestAccuracy": 0.6799049558723693,
    "evaluatedOnline": true,
    "aggregationFcn": {},
    "error": {
      "value": 0.20858063900243756
    }
  }
}

