{
  "training": {
    "restarts": [],
    "bestResults": {
      "training": {
        "accuracy": 0.6780477285796435,
        "majorityErr": 0.5120759056929269,
        "dispersion": {
          "value": 0.17186753069896338
        },
        "goodCount": 9433,
        "zeroCount": 6788,
        "oneCount": 7124,
        "bestThreshold": {
          "value": 0.4973197229752938
        },
        "bestAccuracy": 0.6784790109258194,
        "evaluatedOnline": true,
        "aggregationFcn": {},
        "error": {
          "value": 0.20970727213320745
        }
      },
      "validation": {
        "goodCount": 0,
        "zeroCount": 0,
        "oneCount": 0,
        "evaluatedOnline": true,
        "aggregationFcn": {}
      }
    }
  },
  "testing": {
    "accuracy": 0.6618746405980449,
    "majorityErr": 0.5120759056929269,
    "dispersion": {
      "value": 0.15761891934018551
    },
    "goodCount": 2302,
    "zeroCount": 1697,
    "oneCount": 1781,
    "bestThreshold": {
      "value": 0.49552521075567313
    },
    "bestAccuracy": 0.6552616446233468,
    "evaluatedOnline": true,
    "aggregationFcn": {},
    "error": {
      "value": 0.21608382476286012
    }
  }
}

