{
  "training": {
    "restarts": [],
    "bestResults": {
      "training": {
        "accuracy": 0.6781535388127854,
        "majorityErr": 0.5225456621004566,
        "dispersion": {
          "value": 0.17979281524217533
        },
        "goodCount": 9505,
        "zeroCount": 6692,
        "oneCount": 7324,
        "bestThreshold": {
          "value": 0.5175684750958249
        },
        "bestAccuracy": 0.6815068493150684,
        "evaluatedOnline": true,
        "aggregationFcn": {},
        "error": {
          "value": 0.2071570848547464
        }
      },
      "validation": {
        "goodCount": 0,
        "zeroCount": 0,
        "oneCount": 0,
        "evaluatedOnline": true,
        "aggregationFcn": {}
      }
    }
  },
  "testing": {
    "accuracy": 0.6603881278538812,
    "majorityErr": 0.5225456621004566,
    "dispersion": {
      "value": 0.1616334903633675
    },
    "goodCount": 2314,
    "zeroCount": 1673,
    "oneCount": 1831,
    "bestThreshold": {
      "value": 0.5129026324062884
    },
    "bestAccuracy": 0.6618150684931506,
    "evaluatedOnline": true,
    "aggregationFcn": {},
    "error": {
      "value": 0.21699472453048968
    }
  }
}

