{
  "training": {
    "restarts": [],
    "bestResults": {
      "training": {
        "accuracy": 0.6941615750169722,
        "majorityErr": 0.5003394433129668,
        "dispersion": {
          "value": 0.20265592454421816
        },
        "goodCount": 8180,
        "zeroCount": 5888,
        "oneCount": 5896,
        "bestThreshold": {
          "value": 0.45334819732753057
        },
        "bestAccuracy": 0.6973862864901561,
        "evaluatedOnline": true,
        "aggregationFcn": {},
        "error": {
          "value": 0.20139867273707832
        }
      },
      "validation": {
        "goodCount": 0,
        "zeroCount": 0,
        "oneCount": 0,
        "evaluatedOnline": true,
        "aggregationFcn": {}
      }
    }
  },
  "testing": {
    "accuracy": 0.6731160896130346,
    "majorityErr": 0.5003394433129668,
    "dispersion": {
      "value": 0.18535803637123005
    },
    "goodCount": 1983,
    "zeroCount": 1472,
    "oneCount": 1474,
    "bestThreshold": {
      "value": 0.43039662500052467
    },
    "bestAccuracy": 0.6734555329260014,
    "evaluatedOnline": true,
    "aggregationFcn": {},
    "error": {
      "value": 0.20957895122346573
    }
  }
}

