{
  "training": {
    "restarts": [],
    "bestResults": {
      "training": {
        "accuracy": 0.6687751581368603,
        "majorityErr": 0.5120759056929269,
        "dispersion": {
          "value": 0.15275921436856899
        },
        "goodCount": 9304,
        "zeroCount": 6788,
        "oneCount": 7124,
        "bestThreshold": {
          "value": 0.47404004668806377
        },
        "bestAccuracy": 0.6703565267395055,
        "evaluatedOnline": true,
        "aggregationFcn": {},
        "error": {
          "value": 0.21357230443321829
        }
      },
      "validation": {
        "goodCount": 0,
        "zeroCount": 0,
        "oneCount": 0,
        "evaluatedOnline": true,
        "aggregationFcn": {}
      }
    }
  },
  "testing": {
    "accuracy": 0.6589994249568718,
    "majorityErr": 0.5120759056929269,
    "dispersion": {
      "value": 0.14115343947647113
    },
    "goodCount": 2292,
    "zeroCount": 1697,
    "oneCount": 1781,
    "bestThreshold": {
      "value": 0.47341760088672813
    },
    "bestAccuracy": 0.6589994249568718,
    "evaluatedOnline": true,
    "aggregationFcn": {},
    "error": {
      "value": 0.2190696571974163
    }
  }
}

