{
  "training": {
    "restarts": [],
    "bestResults": {
      "training": {
        "accuracy": 0.675152749490835,
        "majorityErr": 0.5003394433129668,
        "dispersion": {
          "value": 0.14345054791365863
        },
        "goodCount": 7956,
        "zeroCount": 5888,
        "oneCount": 5896,
        "bestThreshold": {
          "value": 0.47759980999064455
        },
        "bestAccuracy": 0.6770196877121522,
        "evaluatedOnline": true,
        "aggregationFcn": {},
        "error": {
          "value": 0.2125273894614161
        }
      },
      "validation": {
        "goodCount": 0,
        "zeroCount": 0,
        "oneCount": 0,
        "evaluatedOnline": true,
        "aggregationFcn": {}
      }
    }
  },
  "testing": {
    "accuracy": 0.6690427698574338,
    "majorityErr": 0.5003394433129668,
    "dispersion": {
      "value": 0.13891798156073915
    },
    "goodCount": 1971,
    "zeroCount": 1472,
    "oneCount": 1474,
    "bestThreshold": {
      "value": 0.5142183604363533
    },
    "bestAccuracy": 0.6761710794297352,
    "evaluatedOnline": true,
    "aggregationFcn": {},
    "error": {
      "value": 0.2146003174771269
    }
  }
}

