{
  "training": {
    "restarts": [],
    "bestResults": {
      "training": {
        "accuracy": 0.6734555329260014,
        "majorityErr": 0.5003394433129668,
        "dispersion": {
          "value": 0.16401183964470695
        },
        "goodCount": 7936,
        "zeroCount": 5888,
        "oneCount": 5896,
        "bestThreshold": {
          "value": 0.49288358163529944
        },
        "bestAccuracy": 0.6749830278343516,
        "evaluatedOnline": true,
        "aggregationFcn": {},
        "error": {
          "value": 0.2111376563529857
        }
      },
      "validation": {
        "goodCount": 0,
        "zeroCount": 0,
        "oneCount": 0,
        "evaluatedOnline": true,
        "aggregationFcn": {}
      }
    }
  },
  "testing": {
    "accuracy": 0.6646300067888663,
    "majorityErr": 0.5003394433129668,
    "dispersion": {
      "value": 0.15675604523932152
    },
    "goodCount": 1958,
    "zeroCount": 1472,
    "oneCount": 1474,
    "bestThreshold": {
      "value": 0.4682051756473382
    },
    "bestAccuracy": 0.6754921928038018,
    "evaluatedOnline": true,
    "aggregationFcn": {},
    "error": {
      "value": 0.2139156091039421
    }
  }
}

