{
  "training": {
    "restarts": [],
    "bestResults": {
      "training": {
        "accuracy": 0.6619523149696593,
        "majorityErr": 0.5105834010225047,
        "dispersion": {
          "value": 0.3019027657704653
        },
        "goodCount": 55416,
        "zeroCount": 40972,
        "oneCount": 42744,
        "bestThreshold": {
          "value": 0.5514842008437889
        },
        "bestAccuracy": 0.7126355774284485,
        "evaluatedOnline": true,
        "aggregationFcn": {},
        "error": {
          "value": 0.17489492587059874
        }
      },
      "validation": {
        "goodCount": 0,
        "zeroCount": 0,
        "oneCount": 0,
        "evaluatedOnline": true,
        "aggregationFcn": {}
      }
    }
  },
  "testing": {
    "accuracy": 0.6598021883510918,
    "majorityErr": 0.5105834010225047,
    "dispersion": {
      "value": 0.2915073227317302
    },
    "goodCount": 13809,
    "zeroCount": 10243,
    "oneCount": 10686,
    "bestThreshold": {
      "value": 0.5567626072336829
    },
    "bestAccuracy": 0.7131731090830904,
    "evaluatedOnline": true,
    "aggregationFcn": {},
    "error": {
      "value": 0.17929185060938133
    }
  }
}

