{
  "training": {
    "restarts": [],
    "bestResults": {
      "training": {
        "accuracy": 0.660268049118448,
        "majorityErr": 0.5105834010225047,
        "dispersion": {
          "value": 0.30592169749884507
        },
        "goodCount": 55275,
        "zeroCount": 40972,
        "oneCount": 42744,
        "bestThreshold": {
          "value": 0.561913121449455
        },
        "bestAccuracy": 0.7145468010893975,
        "evaluatedOnline": true,
        "aggregationFcn": {},
        "error": {
          "value": 0.1748314263058287
        }
      },
      "validation": {
        "goodCount": 0,
        "zeroCount": 0,
        "oneCount": 0,
        "evaluatedOnline": true,
        "aggregationFcn": {}
      }
    }
  },
  "testing": {
    "accuracy": 0.6520139519327249,
    "majorityErr": 0.5105834010225047,
    "dispersion": {
      "value": 0.2927030421699632
    },
    "goodCount": 13646,
    "zeroCount": 10243,
    "oneCount": 10686,
    "bestThreshold": {
      "value": 0.5782345754850978
    },
    "bestAccuracy": 0.7168522146304172,
    "evaluatedOnline": true,
    "aggregationFcn": {},
    "error": {
      "value": 0.18029502736619318
    }
  }
}

