{
  "training": {
    "restarts": [],
    "bestResults": {
      "training": {
        "accuracy": 0.7036502546689304,
        "majorityErr": 0.500509337860781,
        "dispersion": {
          "value": 0.22799898659458545
        },
        "goodCount": 8289,
        "zeroCount": 5884,
        "oneCount": 5896,
        "bestThreshold": {
          "value": 0.4930672436708869
        },
        "bestAccuracy": 0.7048387096774194,
        "evaluatedOnline": true,
        "aggregationFcn": {},
        "error": {
          "value": 0.19599042732288
        }
      },
      "validation": {
        "goodCount": 0,
        "zeroCount": 0,
        "oneCount": 0,
        "evaluatedOnline": true,
        "aggregationFcn": {}
      }
    }
  },
  "testing": {
    "accuracy": 0.6835314091680815,
    "majorityErr": 0.500509337860781,
    "dispersion": {
      "value": 0.21214132471551228
    },
    "goodCount": 2013,
    "zeroCount": 1471,
    "oneCount": 1474,
    "bestThreshold": {
      "value": 0.5422523702210063
    },
    "bestAccuracy": 0.6821731748726655,
    "evaluatedOnline": true,
    "aggregationFcn": {},
    "error": {
      "value": 0.20439215156380286
    }
  }
}

