{
  "training": {
    "restarts": [],
    "bestResults": {
      "training": {
        "accuracy": 0.6746179966044142,
        "majorityErr": 0.500509337860781,
        "dispersion": {
          "value": 0.15945998942622525
        },
        "goodCount": 7947,
        "zeroCount": 5884,
        "oneCount": 5896,
        "bestThreshold": {
          "value": 0.5334604337601461
        },
        "bestAccuracy": 0.6773344651952462,
        "evaluatedOnline": true,
        "aggregationFcn": {},
        "error": {
          "value": 0.21065367049988434
        }
      },
      "validation": {
        "goodCount": 0,
        "zeroCount": 0,
        "oneCount": 0,
        "evaluatedOnline": true,
        "aggregationFcn": {}
      }
    }
  },
  "testing": {
    "accuracy": 0.6638370118845501,
    "majorityErr": 0.500509337860781,
    "dispersion": {
      "value": 0.1518308392642589
    },
    "goodCount": 1955,
    "zeroCount": 1471,
    "oneCount": 1474,
    "bestThreshold": {
      "value": 0.5400302407263557
    },
    "bestAccuracy": 0.6733446519524618,
    "evaluatedOnline": true,
    "aggregationFcn": {},
    "error": {
      "value": 0.21360317552055785
    }
  }
}

