{
  "training": {
    "restarts": [],
    "bestResults": {
      "training": {
        "accuracy": 0.6908319185059423,
        "majorityErr": 0.500509337860781,
        "dispersion": {
          "value": 0.19812988085017336
        },
        "goodCount": 8138,
        "zeroCount": 5884,
        "oneCount": 5896,
        "bestThreshold": {
          "value": 0.5193721139115304
        },
        "bestAccuracy": 0.6922750424448217,
        "evaluatedOnline": true,
        "aggregationFcn": {},
        "error": {
          "value": 0.2018393952149374
        }
      },
      "validation": {
        "goodCount": 0,
        "zeroCount": 0,
        "oneCount": 0,
        "evaluatedOnline": true,
        "aggregationFcn": {}
      }
    }
  },
  "testing": {
    "accuracy": 0.6794567062818336,
    "majorityErr": 0.500509337860781,
    "dispersion": {
      "value": 0.18423098808745286
    },
    "goodCount": 2001,
    "zeroCount": 1471,
    "oneCount": 1474,
    "bestThreshold": {
      "value": 0.5097535981588965
    },
    "bestAccuracy": 0.6767402376910017,
    "evaluatedOnline": true,
    "aggregationFcn": {},
    "error": {
      "value": 0.20915749431333747
    }
  }
}

