{
  "training": {
    "restarts": [],
    "bestResults": {
      "training": {
        "accuracy": 0.6485568760611206,
        "majorityErr": 0.500509337860781,
        "dispersion": {
          "value": 0.15885648132985436
        },
        "goodCount": 7640,
        "zeroCount": 5884,
        "oneCount": 5896,
        "bestThreshold": {
          "value": 0.40218833281475336
        },
        "bestAccuracy": 0.670288624787776,
        "evaluatedOnline": true,
        "aggregationFcn": {},
        "error": {
          "value": 0.2146726044665578
        }
      },
      "validation": {
        "goodCount": 0,
        "zeroCount": 0,
        "oneCount": 0,
        "evaluatedOnline": true,
        "aggregationFcn": {}
      }
    }
  },
  "testing": {
    "accuracy": 0.6434634974533107,
    "majorityErr": 0.500509337860781,
    "dispersion": {
      "value": 0.15253298206320265
    },
    "goodCount": 1895,
    "zeroCount": 1471,
    "oneCount": 1474,
    "bestThreshold": {
      "value": 0.41897393227368196
    },
    "bestAccuracy": 0.6679117147707979,
    "evaluatedOnline": true,
    "aggregationFcn": {},
    "error": {
      "value": 0.21731377331220567
    }
  }
}

