{
  "training": {
    "restarts": [],
    "bestResults": {
      "training": {
        "accuracy": 0.7101154107264087,
        "majorityErr": 0.5003394433129668,
        "dispersion": {
          "value": 0.2377808501612621
        },
        "goodCount": 8368,
        "zeroCount": 5888,
        "oneCount": 5896,
        "bestThreshold": {
          "value": 0.4869922400825457
        },
        "bestAccuracy": 0.7107094365241005,
        "evaluatedOnline": true,
        "aggregationFcn": {},
        "error": {
          "value": 0.1940070270216965
        }
      },
      "validation": {
        "goodCount": 0,
        "zeroCount": 0,
        "oneCount": 0,
        "evaluatedOnline": true,
        "aggregationFcn": {}
      }
    }
  },
  "testing": {
    "accuracy": 0.691785471826205,
    "majorityErr": 0.5003394433129668,
    "dispersion": {
      "value": 0.2148870620891965
    },
    "goodCount": 2038,
    "zeroCount": 1472,
    "oneCount": 1474,
    "bestThreshold": {
      "value": 0.48342707111996397
    },
    "bestAccuracy": 0.693143245078072,
    "evaluatedOnline": true,
    "aggregationFcn": {},
    "error": {
      "value": 0.20433651245914988
    }
  }
}

