{
  "training": {
    "restarts": [],
    "bestResults": {
      "training": {
        "accuracy": 0.9427811044577512,
        "majorityErr": 0.5173356989724255,
        "dispersion": {
          "value": 0.8449783923043043
        },
        "goodCount": 51012,
        "zeroCount": 27992,
        "oneCount": 26116,
        "bestThreshold": {
          "value": 0.4418753621701791
        },
        "bestAccuracy": 0.9474384564204923,
        "evaluatedOnline": true,
        "aggregationFcn": {},
        "error": {
          "value": 0.045942149654644104
        }
      },
      "validation": {
        "goodCount": 0,
        "zeroCount": 0,
        "oneCount": 0,
        "evaluatedOnline": true,
        "aggregationFcn": {}
      }
    }
  },
  "testing": {
    "accuracy": 0.9262216308124491,
    "majorityErr": 0.5173356989724255,
    "dispersion": {
      "value": 0.8164799048144143
    },
    "goodCount": 12529,
    "zeroCount": 6998,
    "oneCount": 6529,
    "bestThreshold": {
      "value": 0.4600766995360718
    },
    "bestAccuracy": 0.9330967694241147,
    "evaluatedOnline": true,
    "aggregationFcn": {},
    "error": {
      "value": 0.05910183164130113
    }
  }
}

